x,ecdf_n10,ecdf_n100,ecdf_n1000,F1
-5.658184699009542,0.0002,0.0,0.0,76.69111381985523
-5.648134774139056,0.0002,0.0,0.0,75.69649264286275
-5.6380848492685685,0.0002,0.0,0.0,74.7178558277582
-5.628034924398082,0.0002,0.0,0.0,73.75500245792877
-5.617984999527595,0.0002,0.0,0.0,72.80773089963024
-5.607935074657108,0.0002,0.0,0.0,71.87583898653794
-5.597885149786621,0.0002,0.0,0.0,70.95912419678676
-5.587835224916135,0.0002,0.0,0.0,70.0573838227747
-5.577785300045647,0.0002,0.0,0.0,69.17042032115675
-5.567735375175161,0.0002,0.0,0.0,68.29808458026051
-5.557685450304674,0.0002,0.0,0.0,67.44011381847862
-5.547635525434187,0.0002,0.0,0.0,66.59630614420257
-5.5375856005637,0.0002,0.0,0.0,65.76646022167452
-5.527535675693214,0.0002,0.0,0.0,64.95037539802107
-5.517485750822727,0.0002,0.0,0.0,64.14785182320134
-5.50743582595224,0.0002,0.0,0.0,63.35869056293318
-5.497385901081754,0.0002,0.0,0.0,62.58269370540761
-5.487335976211266,0.0002,0.0,0.0,61.819664462159956
-5.47728605134078,0.0002,0.0,0.0,61.06940726305136
-5.467236126470293,0.0002,0.0,0.0,60.33172784493984
-5.457186201599806,0.0002,0.0,0.0,59.606433334327726
-5.447136276729319,0.0002,0.0,0.0,58.89333232464526
-5.437086351858833,0.0002,0.0,0.0,58.19223494861107
-5.427036426988345,0.0002,0.0,0.0,57.50295294537695
-5.416986502117859,0.0002,0.0,0.0,56.82529972222465
-5.406936577247372,0.0002,0.0,0.0,56.15909041128475
-5.396886652376885,0.0004,0.0,0.0,55.50414192198587
-5.386836727506399,0.0004,0.0,0.0,54.86027298928498
-5.376786802635912,0.0006,0.0,0.0,54.227304217283965
-5.366736877765425,0.0006,0.0,0.0,53.60505811838551
-5.356686952894938,0.0006,0.0,0.0,52.99335914871129
-5.3466370280244515,0.0006,0.0,0.0,52.39203374009136
-5.336587103153964,0.0006,0.0,0.0,51.80091032824506
-5.326537178283478,0.0006,0.0,0.0,51.21981937710327
-5.3164872534129906,0.0006,0.0,0.0,50.64859339997551
-5.306437328542504,0.0006,0.0,0.0,50.08706697792851
-5.296387403672017,0.0006,0.0,0.0,49.53507677498604
-5.2863374788015305,0.0006,0.0,0.0,48.99246155009247
-5.276287553931043,0.0006,0.0,0.0,48.45906216657727
-5.266237629060557,0.0006,0.0,0.0,47.934721599346396
-5.25618770419007,0.0006,0.0,0.0,47.41928493931805
-5.246137779319583,0.0006,0.0,0.0,46.912599395343214
-5.236087854449097,0.0006,0.0,0.0,46.41451429423072
-5.2260379295786095,0.0006,0.0,0.0,45.92488107880689
-5.215988004708123,0.0006,0.0,0.0,45.44355330364128
-5.205938079837636,0.0008,0.0,0.0,44.97038662904199
-5.195888154967149,0.001,0.0,0.0,44.50523881357125
-5.185838230096662,0.001,0.0,0.0,44.04796970466331
-5.175788305226176,0.001,0.0,0.0,43.59844122768102
-5.165738380355688,0.001,0.0,0.0,43.1565173737621
-5.155688455485202,0.001,0.0,0.0,42.72206418618656
-5.145638530614715,0.001,0.0,0.0,42.29494974543437
-5.135588605744228,0.001,0.0,0.0,41.875044153233354
-5.125538680873742,0.0012,0.0,0.0,41.46221951541512
-5.115488756003255,0.0012,0.0,0.0,41.05634992377762
-5.105438831132768,0.0012,0.0,0.0,40.657311437084516
-5.095388906262281,0.0012,0.0,0.0,40.26498206112454
-5.085338981391795,0.0014,0.0,0.0002,39.87924172804802
-5.075289056521307,0.0016,0.0,0.0002,39.49997227494356
-5.065239131650821,0.0016,0.0,0.0002,39.12705742175418
-5.055189206780334,0.0016,0.0002,0.0002,38.760382748707066
-5.045139281909847,0.0016,0.0002,0.0002,38.399835673022366
-5.03508935703936,0.0016,0.0002,0.0002,38.04530542515439
-5.025039432168874,0.0016,0.0002,0.0002,37.69668302481752
-5.014989507298386,0.0016,0.0002,0.0002,37.35386125646789
-5.0049395824279,0.0016,0.0002,0.0002,37.01673464428482
-4.9948896575574135,0.0016,0.0002,0.0002,36.68519942707997
-4.984839732686926,0.002,0.0002,0.0002,36.35915353306665
-4.97478980781644,0.0022,0.0002,0.0004,36.038496554128855
-4.964739882945953,0.0022,0.0002,0.0004,35.72312971987891
-4.954689958075466,0.0024,0.0002,0.0004,35.41295587185439
-4.944640033204979,0.0024,0.0002,0.0004,35.107879437630274
-4.9345901083344925,0.0024,0.0002,0.0004,34.80780640457283
-4.924540183464005,0.0028,0.0002,0.0004,34.512644293505126
-4.914490258593519,0.0028,0.0002,0.0004,34.22230213266049
-4.904440333723032,0.0028,0.0002,0.0004,33.936690431702004
-4.894390408852545,0.0028,0.0002,0.0004,33.65572115551849
-4.884340483982058,0.0028,0.0002,0.0004,33.37930769792532
-4.8742905591115715,0.0028,0.0002,0.0008,33.10736485571174
-4.864240634241085,0.0028,0.0002,0.0008,32.8398088029744
-4.854190709370598,0.0028,0.0002,0.0008,32.5765570654106
-4.844140784500111,0.0028,0.0002,0.0008,32.31752849455723
-4.834090859629624,0.0028,0.0004,0.0008,32.06264324213945
-4.824040934759138,0.0028,0.0004,0.0008,31.811822734892278
-4.8139910098886505,0.0028,0.0004,0.0008,31.564989649715287
-4.803941085018164,0.0028,0.0004,0.0008,31.32206788880148
-4.793891160147677,0.0028,0.0004,0.0008,31.08298255483372
-4.78384123527719,0.0028,0.0004,0.0008,30.84765992641655
-4.773791310406704,0.0028,0.0006,0.0008,30.6160274339087
-4.763741385536217,0.0028,0.0006,0.0008,30.3880136357689
-4.7536914606657295,0.0028,0.0006,0.0008,30.16354819504505
-4.743641535795243,0.003,0.0006,0.0008,29.942561855836374
-4.733591610924757,0.003,0.0006,0.0008,29.724986420075002
-4.723541686054269,0.003,0.0008,0.0008,29.510754724765775
-4.713491761183783,0.003,0.001,0.001,29.299800619650743
-4.703441836313296,0.003,0.001,0.001,29.09205894528245
-4.693391911442809,0.003,0.0012,0.001,28.88746551123913
-4.683341986572322,0.003,0.0012,0.001,28.685957074431293
-4.673292061701836,0.0032,0.0014,0.0012,28.487471317897825
-4.663242136831348,0.0032,0.0014,0.0014,28.291946830159905
-4.653192211960862,0.0032,0.0014,0.0014,28.099323084950527
-4.643142287090376,0.0032,0.0014,0.0016,27.90954042129439
-4.633092362219888,0.0032,0.0014,0.0018,27.722540023755197
-4.623042437349401,0.0032,0.0014,0.002,27.538263902939146
-4.612992512478915,0.0032,0.0016,0.002,27.35665487663864
-4.602942587608428,0.0034,0.0016,0.002,27.177656551506942
-4.592892662737941,0.0034,0.0016,0.002,27.001213305043162
-4.5828427378674546,0.0036,0.0016,0.002,26.827270267905405
-4.572792812996967,0.0036,0.0018,0.002,26.65577330647627
-4.562742888126481,0.0036,0.0018,0.002,26.48666900590796
-4.552692963255994,0.0038,0.002,0.002,26.319904653826452
-4.542643038385507,0.0042,0.002,0.002,26.15542822444971
-4.53259311351502,0.0042,0.0022,0.002,25.993188363044744
-4.5225431886445335,0.0048,0.0024,0.002,25.833134370696843
-4.512493263774047,0.005,0.0028,0.002,25.675216189514583
-4.50244333890356,0.0052,0.0032,0.002,25.519384388492277
-4.492393414033073,0.0056,0.0036,0.002,25.365590149884476
-4.482343489162586,0.006,0.0038,0.0022,25.21378525592246
-4.4722935642921,0.0066,0.0038,0.0022,25.063922075921077
-4.4622436394216125,0.0066,0.004,0.0022,24.9159535538495
-4.452193714551126,0.0066,0.0042,0.0022,24.7698331965192
-4.442143789680639,0.0068,0.0042,0.0024,24.625515062323352
-4.432093864810152,0.007,0.0042,0.0026,24.482953750364892
-4.422043939939665,0.0072,0.0042,0.0028,24.34210439002448
-4.411994015069179,0.0072,0.0044,0.003,24.202922631049436
-4.4019440901986915,0.0074,0.0046,0.0032,24.065364634245412
-4.391894165328205,0.0074,0.0048,0.0032,23.92938706270454
-4.381844240457719,0.0076,0.005,0.0032,23.794947073474646
-4.371794315587231,0.0078,0.005,0.0034,23.66200230972705
-4.361744390716744,0.008,0.0052,0.0034,23.530510893508197
-4.351694465846258,0.0082,0.0052,0.0038,23.400431419065054
-4.341644540975771,0.0082,0.0052,0.0038,23.27172294667109
-4.331594616105284,0.0082,0.0052,0.0038,23.144344996973974
-4.321544691234798,0.0082,0.0054,0.004,23.01825754591782
-4.31149476636431,0.0088,0.0056,0.0042,22.893421020232164
-4.301444841493824,0.009,0.0056,0.0046,22.769796293455734
-4.291394916623337,0.0094,0.006,0.0046,22.647344682508653
-4.28134499175285,0.01,0.0062,0.0046,22.526027944844735
-4.271295066882363,0.0102,0.0064,0.005,22.405808276166027
-4.261245142011877,0.0104,0.0066,0.005,22.286648308679602
-4.25119521714139,0.0106,0.007,0.0052,22.168511109916505
-4.241145292270903,0.0112,0.0072,0.0052,22.05136018213385
-4.231095367400416,0.0114,0.0074,0.0054,21.93515946228027
-4.221045442529929,0.0116,0.0074,0.0056,21.819873322485556
-4.210995517659443,0.012,0.008,0.0058,21.70546657110305
-4.200945592788956,0.0124,0.0084,0.006,21.591904454342806
-4.190895667918469,0.0126,0.0084,0.0062,21.479152658457092
-4.180845743047982,0.013,0.0086,0.0062,21.36717731246108
-4.170795818177496,0.0134,0.0088,0.0066,21.255944991340662
-4.160745893307008,0.0134,0.0092,0.0066,21.14542271976202
-4.150695968436522,0.014,0.0092,0.0072,21.035577976386
-4.140646043566035,0.0146,0.0092,0.0076,20.92637869872886
-4.130596118695548,0.0156,0.0096,0.0076,20.81779328846245
-4.120546193825062,0.0156,0.0096,0.0076,20.709790617196866
-4.1104962689545745,0.0158,0.0096,0.0078,20.60234003267593
-4.100446344084087,0.0162,0.0098,0.0078,20.495411365378978
-4.090396419213601,0.0166,0.0102,0.0078,20.388974935714838
-4.0803464943431145,0.0172,0.0106,0.0078,20.283001561717487
-4.070296569472627,0.0172,0.0108,0.008,20.17746256706182
-4.060246644602141,0.0174,0.011,0.008,20.0723297893647
-4.0501967197316535,0.0184,0.0112,0.008,19.967575588894007
-4.040146794861167,0.0184,0.0112,0.0082,19.86317285754664
-4.03009686999068,0.0186,0.0116,0.0084,19.75909502809997
-4.0200469451201934,0.0188,0.012,0.0086,19.65531608396894
-4.009997020249706,0.0188,0.0122,0.009,19.551810569272355
-3.9999470953792198,0.0192,0.0126,0.0092,19.448553599014094
-3.989897170508733,0.0196,0.0128,0.0094,19.345520869338976
-3.979847245638246,0.0196,0.0128,0.0096,19.24268866799011
-3.9697973207677593,0.0202,0.0128,0.0098,19.140033884915347
-3.9597473958972724,0.0204,0.0128,0.0102,19.03753402294696
-3.949697471026786,0.0214,0.013,0.0104,18.935167208666144
-3.9396475461562988,0.022,0.0132,0.0108,18.832912203327787
-3.9295976212858124,0.0222,0.0132,0.0108,18.730748413686403
-3.919547696415325,0.0232,0.0136,0.0116,18.62865590270789
-3.9094977715448387,0.0234,0.0146,0.0116,18.526615400196167
-3.8994478466743514,0.024,0.0146,0.0122,18.42460831328527
-3.889397921803865,0.0248,0.0152,0.0128,18.32261673680051
-3.879347996933378,0.0256,0.0154,0.013,18.220623463461397
-3.8692980720628913,0.0258,0.0158,0.0132,18.118611993791365
-3.8592481471924045,0.0266,0.0166,0.0132,18.016566545680917
-3.8491982223219177,0.0274,0.017,0.0136,17.91447206357288
-3.839148297451431,0.0286,0.0174,0.0148,17.812314227254788
-3.829098372580944,0.0286,0.0178,0.0152,17.71007946026325
-3.8190484477104576,0.0288,0.0184,0.0154,17.60775493784214
-3.8089985228399703,0.0298,0.019,0.0154,17.505328594376522
-3.798948597969484,0.0302,0.0196,0.0156,17.40278913021633
-3.7888986730989966,0.031,0.0196,0.0158,17.300126017858517
-3.7788487482285102,0.0318,0.02,0.0158,17.197329507504964
-3.768798823358023,0.032,0.02,0.0162,17.094390631972743
-3.7587488984875366,0.0328,0.0202,0.0166,16.99130121092069
-3.7486989736170497,0.0332,0.021,0.017,16.888053854272638
-3.738649048746563,0.0338,0.0212,0.0178,16.784641964789547
-3.728599123876076,0.0348,0.0214,0.0182,16.681059739820856
-3.7185491990055892,0.0348,0.0218,0.019,16.57730217223402
-3.7084992741351024,0.0354,0.0222,0.0198,16.47336505051402
-3.6984493492646155,0.0364,0.0222,0.02,16.36924495789176
-3.688399424394129,0.0368,0.0222,0.0202,16.26493927046865
-3.678349499523642,0.0376,0.0226,0.021,16.160446154396503
-3.6682995746531555,0.0386,0.023,0.0214,16.05576456214021
-3.658249649782668,0.0392,0.023,0.0222,15.950894227763131
-3.648199724912182,0.0396,0.0236,0.0228,15.845835661130886
-3.638149800041695,0.0406,0.0246,0.0234,15.740590141056598
-3.628099875171208,0.041,0.0248,0.0236,15.635159707464267
-3.6180499503007213,0.042,0.0254,0.024,15.529547152591391
-3.6080000254302345,0.0432,0.026,0.024,15.423756011104425
-3.5979501005597476,0.044,0.026,0.0246,15.317790549116534
-3.587900175689261,0.046,0.0268,0.0256,15.21165575222656
-3.577850250818774,0.0468,0.0274,0.0262,15.105357312617931
-3.567800325948287,0.0474,0.0278,0.0266,14.998901615116615
-3.5577504010778003,0.0476,0.0282,0.027,14.89229572219593
-3.5477004762073134,0.0484,0.0292,0.0276,14.785547358073229
-3.5376505513368266,0.049,0.0294,0.0278,14.678664891919471
-3.52760062646634,0.0496,0.0306,0.0286,14.571657320109558
-3.5175507015958534,0.0504,0.031,0.0294,14.46453424754953
-3.5075007767253665,0.0508,0.0314,0.03,14.357305868224039
-3.4974508518548797,0.0516,0.0318,0.0304,14.249982944938393
-3.487400926984393,0.0518,0.0324,0.031,14.142576788227728
-3.477351002113906,0.052,0.0328,0.0318,14.035099234574405
-3.467301077243419,0.0526,0.0334,0.0324,13.927562623961121
-3.4572511523729323,0.053,0.0344,0.033,13.819979776742024
-3.4472012275024455,0.0538,0.0356,0.0336,13.712363969940954
-3.4371513026319587,0.055,0.0364,0.0346,13.60472891303801
-3.427101377761472,0.0554,0.0374,0.0354,13.497088723232263
-3.417051452890985,0.0566,0.0376,0.0358,13.389457900279819
-3.4070015280204986,0.0578,0.0382,0.0366,13.281851300989025
-3.3969516031500118,0.0582,0.0382,0.0376,13.174284113364225
-3.386901678279525,0.0596,0.0396,0.0386,13.066771830466514
-3.376851753409038,0.0602,0.0412,0.0388,12.959330224125633
-3.3668018285385513,0.0612,0.0422,0.0394,12.85197531851093
-3.3567519036680644,0.0618,0.0428,0.0398,12.744723363544315
-3.3467019787975776,0.0626,0.0432,0.0402,12.63759080828159
-3.3366520539270907,0.0628,0.0436,0.041,12.530594520908943
-3.326602129056604,0.0648,0.0448,0.042,12.423751558447707
-3.316552204186117,0.0664,0.0454,0.0424,12.31707842373346
-3.3065022793156302,0.0674,0.0464,0.0434,12.210592099130594
-3.2964523544451434,0.0682,0.047,0.0448,12.104309634393177
-3.2864024295746566,0.0688,0.0476,0.045,11.998248121204982
-3.27635250470417,0.0702,0.048,0.0456,11.892424667994144
-3.2663025798336833,0.072,0.0496,0.0464,11.786856375103932
-3.2562526549631965,0.073,0.0512,0.0474,11.681560310435907
-3.2462027300927097,0.0746,0.0524,0.0478,11.57655348562259
-3.236152805222223,0.0764,0.0528,0.049,11.471852832838985
-3.226102880351736,0.0776,0.0538,0.0504,11.367475182123739
-3.216052955481249,0.0792,0.0542,0.0512,11.263437239260671
-3.2060030306107623,0.0812,0.0552,0.052,11.159755564354993
-3.1959531057402755,0.0822,0.0556,0.0532,11.056446551118707
-3.1859031808697886,0.0844,0.0572,0.054,10.953526406931264
-3.175853255999302,0.085,0.0582,0.0554,10.85101113363654
-3.165803331128815,0.0866,0.0592,0.0558,10.748916509047476
-3.155753406258328,0.0886,0.0604,0.0564,10.6472580692564
-3.1457034813878417,0.09,0.0614,0.0576,10.546051091798738
-3.135653556517355,0.0912,0.0624,0.0594,10.44531057966463
-3.125603631646868,0.0924,0.0638,0.06,10.345051246175602
-3.115553706776381,0.0938,0.0648,0.0618,10.245287500711404
-3.1055037819058944,0.0958,0.0656,0.0626,10.146033435210514
-3.0954538570354075,0.0968,0.0662,0.065,10.047302811544409
-3.0854039321649207,0.0976,0.067,0.0664,9.949109049869024
-3.075354007294434,0.1,0.0682,0.0674,9.85146521786342
-3.065304082423947,0.1024,0.0696,0.069,9.754384020813745
-3.05525415755346,0.104,0.0712,0.0698,9.657877792534576
-3.0452042326829734,0.1052,0.0726,0.0702,9.561958487133445
-3.0351543078124865,0.1068,0.0736,0.0716,9.466637671647906
-3.0251043829419997,0.1076,0.0738,0.0726,9.371926519458414
-3.0150544580715133,0.1096,0.0758,0.0742,9.277835804566227
-3.0050045332010265,0.1124,0.0764,0.0754,9.18437589680226
-2.9949546083305396,0.114,0.0786,0.0772,9.091556757798372
-2.9849046834600528,0.1156,0.0806,0.0778,8.999387937670813
-2.974854758589566,0.117,0.0824,0.079,8.90787857241081
-2.964804833719079,0.1196,0.0838,0.0798,8.817037382039013
-2.9547549088485923,0.121,0.0854,0.0816,8.726872669513565
-2.9447049839781054,0.123,0.0874,0.0826,8.637392320294246
-2.9346550591076186,0.1244,0.0898,0.0836,8.548603802637325
-2.9246051342371318,0.1258,0.0918,0.0854,8.460514168581048
-2.914555209366645,0.1274,0.0926,0.0874,8.373130055466595
-2.904505284496158,0.1296,0.095,0.0888,8.28645768798657
-2.8944553596256712,0.1316,0.0968,0.0902,8.200502880818325
-2.884405434755185,0.133,0.0982,0.0924,8.115271041852921
-2.874355509884698,0.134,0.1006,0.0938,8.030767175906767
-2.864305585014211,0.1376,0.1032,0.0956,7.946995888958754
-2.8542556601437243,0.1404,0.1056,0.098,7.863961392881425
-2.8442057352732375,0.1428,0.1066,0.0998,7.781667510517067
-2.8341558104027507,0.144,0.108,0.1014,7.700117681104387
-2.824105885532264,0.146,0.1094,0.103,7.619314966127997
-2.814055960661777,0.1472,0.1102,0.106,7.5392620555347545
-2.80400603579129,0.1488,0.111,0.1076,7.459961274266384
-2.7939561109208033,0.1502,0.112,0.1094,7.381414589138537
-2.7839061860503165,0.1528,0.1148,0.1112,7.303623615969218
-2.7738562611798296,0.155,0.1174,0.112,7.226589626882932
-2.763806336309343,0.158,0.12,0.1142,7.150313557826276
-2.7537564114388564,0.1596,0.1222,0.115,7.074796016335994
-2.7437064865683696,0.1606,0.1234,0.1164,7.000037289474187
-2.7336565616978827,0.1628,0.1254,0.1172,6.926037351930653
-2.723606636827396,0.165,0.1272,0.1196,6.852795874279078
-2.713556711956909,0.1666,0.1296,0.1214,6.780312231282943
-2.7035067870864222,0.1692,0.132,0.1232,6.708585510266861
-2.6934568622159354,0.1722,0.1344,0.1248,6.637614519597123
-2.6834069373454486,0.1738,0.1356,0.1274,6.567397797216733
-2.6733570124749617,0.1768,0.137,0.1282,6.497933619225545
-2.663307087604475,0.1804,0.1398,0.131,6.429220008497246
-2.653257162733988,0.1828,0.1416,0.132,6.361254743254864
-2.643207237863501,0.1854,0.1434,0.134,6.294035365612043
-2.633157312993015,0.1872,0.1462,0.1358,6.227559190112999
-2.623107388122528,0.1888,0.1484,0.138,6.161823312235497
-2.613057463252041,0.19,0.1506,0.1402,6.096824616850355
-2.6030075383815543,0.1934,0.152,0.1428,6.032559786624388
-2.5929576135110675,0.195,0.1548,0.1448,5.969025310313032
-2.5829076886405806,0.1984,0.1586,0.1464,5.906217490955609
-2.572857763770094,0.2002,0.16,0.149,5.844132453992481
-2.562807838899607,0.2032,0.1612,0.1514,5.782766155280683
-2.55275791402912,0.2048,0.1648,0.1534,5.722114389004406
-2.5427079891586333,0.2068,0.1682,0.155,5.662172795461881
-2.5326580642881464,0.2094,0.17,0.1566,5.602936868701005
-2.5226081394176596,0.2124,0.172,0.1578,5.544401964022423
-2.5125582145471728,0.215,0.1748,0.159,5.486563305350841
-2.5025082896766864,0.219,0.1772,0.1622,5.429415992468863
-2.4924583648061995,0.2218,0.1788,0.1646,5.3729550081069934
-2.4824084399357127,0.2242,0.1798,0.1658,5.317175224867664
-2.472358515065226,0.2266,0.1826,0.169,5.262071411983392
-2.462308590194739,0.2306,0.1854,0.1714,5.207638241922628
-2.452258665324252,0.2324,0.189,0.1746,5.153870296838232
-2.4422087404537653,0.235,0.1916,0.1766,5.100762074858517
-2.4321588155832785,0.2372,0.194,0.1786,5.048307996210717
-2.4221088907127917,0.2392,0.1962,0.18,4.996502409168098
-2.412058965842305,0.2422,0.1976,0.1826,4.945339595831638
-2.402009040971818,0.2454,0.1998,0.1854,4.894813777748048
-2.391959116101331,0.2484,0.2024,0.1884,4.844919121366849
-2.3819091912308443,0.2526,0.2064,0.1914,4.795649743331258
-2.371859266360358,0.2548,0.2086,0.1932,4.7469997155959405
-2.361809341489871,0.2578,0.21,0.195,4.698963070378228
-2.3517594166193843,0.2614,0.2118,0.1974,4.651533804947831
-2.3417094917488974,0.2634,0.2144,0.1998,4.6047058862590236
-2.3316595668784106,0.2658,0.2178,0.2018,4.558473255423124
-2.3216096420079237,0.269,0.2208,0.2052,4.512829832017595
-2.311559717137437,0.2722,0.223,0.2082,4.467769518236243
-2.30150979226695,0.2762,0.2238,0.2104,4.423286202886138
-2.2914598673964632,0.28,0.2274,0.2132,4.379373765236078
-2.2814099425259764,0.2836,0.2296,0.2168,4.336026078715932
-2.2713600176554896,0.2866,0.2322,0.22,4.293237014465683
-2.2613100927850027,0.2898,0.2354,0.2226,4.251000444738377
-2.251260167914516,0.2928,0.2372,0.2254,4.209310246162556
-2.2412102430440295,0.2958,0.2394,0.2276,4.168160302868718
-2.2311603181735427,0.2994,0.2418,0.2296,4.127544509479938
-2.221110393303056,0.302,0.245,0.2326,4.087456773967198
-2.211060468432569,0.3042,0.2486,0.2342,4.047891020374173
-2.201010543562082,0.3074,0.2518,0.2384,4.008841191417
-2.1909606186915953,0.3102,0.2542,0.2406,3.970301250962047
-2.1809106938211085,0.3124,0.2578,0.2434,3.9322651863823257
-2.1708607689506216,0.3154,0.261,0.2462,3.8947270107950516
-2.160810844080135,0.32,0.264,0.2482,3.8576807651856524
-2.150760919209648,0.323,0.2676,0.2504,3.8211205204225007
-2.140710994339161,0.3248,0.2692,0.2534,3.785040379163696
-2.1306610694686743,0.3288,0.2708,0.2572,3.7494344776579296
-2.120611144598188,0.3328,0.2734,0.2604,3.71429698744417
-2.110561219727701,0.3356,0.2768,0.2622,3.6796221169541354
-2.100511294857214,0.339,0.28,0.2646,3.645404113019134
-2.0904613699867274,0.3418,0.2836,0.267,3.611637262283807
-2.0804114451162405,0.345,0.2874,0.27,3.5783158925313443
-2.0703615202457537,0.348,0.29,0.2734,3.545434373923176
-2.060311595375267,0.3508,0.2932,0.2756,3.5129871201545213
-2.05026167050478,0.3534,0.2956,0.2796,3.4809685895288833
-2.040211745634293,0.3576,0.2982,0.2832,3.4493732859559545
-2.0301618207638064,0.36,0.3024,0.287,3.4181957598755375
-2.0201118958933195,0.362,0.3066,0.29,3.387430609108435
-2.0100619710228327,0.3642,0.3106,0.2926,3.3570724796367832
-2.000012046152346,0.3678,0.3118,0.295,3.327116066318131
-1.9899621212818595,0.3706,0.3146,0.2984,3.297556113536742
-1.9799121964113726,0.3718,0.3176,0.3024,3.2683874157938497
-1.9698622715408858,0.3752,0.3202,0.3032,3.239604818237144
-1.959812346670399,0.3784,0.3236,0.3072,3.2112032171320113
-1.949762421799912,0.3814,0.3264,0.3088,3.183177560278851
-1.9397124969294253,0.3838,0.3292,0.3124,3.1555228473793013
-1.9296625720589384,0.388,0.3328,0.3148,3.128234130353807
-1.9196126471884516,0.39,0.3364,0.3192,3.1013065136104783
-1.9095627223179648,0.393,0.3398,0.3222,3.074735154266215
-1.899512797447478,0.3952,0.342,0.3244,3.0485152623239555
-1.889462872576991,0.3974,0.3444,0.3272,3.0226421008086817
-1.8794129477065042,0.401,0.3464,0.3292,2.99711098586473
-1.8693630228360174,0.4054,0.3488,0.3318,2.9719172868166814
-1.859313097965531,0.4082,0.3516,0.3342,2.9470564261925323
-1.8492631730950442,0.4104,0.3552,0.3378,2.9225238797105075
-1.8392132482245573,0.4146,0.3576,0.3396,2.898315176233481
-1.8291633233540705,0.4178,0.3608,0.3424,2.8744258976923693
-1.8191133984835837,0.4226,0.3636,0.3442,2.850851678981007
-1.8090634736130968,0.426,0.3672,0.3474,2.8275882078249492
-1.79901354874261,0.4284,0.3706,0.3514,2.804631224622848
-1.7889636238721232,0.4304,0.3734,0.3546,2.781976522260445
-1.7789136990016363,0.433,0.3768,0.3568,2.7596199459008695
-1.7688637741311495,0.4368,0.3792,0.3592,2.737557392752602
-1.7588138492606626,0.4404,0.3816,0.3608,2.7157848118165493
-1.7487639243901758,0.4436,0.3844,0.3628,2.6942982036148755
-1.738713999519689,0.4458,0.387,0.366,2.673093619902805
-1.7286640746492026,0.4478,0.3914,0.369,2.6521671633604336
-1.7186141497787157,0.4506,0.3948,0.3716,2.6315149872663697
-1.708564224908229,0.4542,0.397,0.3744,2.6111332951570727
-1.698514300037742,0.4578,0.3994,0.3774,2.5910183404710727
-1.6884643751672552,0.4618,0.4026,0.3804,2.5711664261800737
-1.6784144502967684,0.4646,0.4066,0.3836,2.551573904409313
-1.6683645254262816,0.4682,0.4098,0.3864,2.532237176048154
-1.6583146005557947,0.471,0.4122,0.3904,2.5131526903478427
-1.6482646756853079,0.4768,0.4146,0.394,2.4943169445071485
-1.6382147508148215,0.4796,0.4164,0.3978,2.47572648325018
-1.6281648259443342,0.4822,0.4198,0.4004,2.4573778983954098
-1.6181149010738478,0.4848,0.423,0.4032,2.439267828416522
-1.6080649762033605,0.4886,0.429,0.4068,2.4213929579976354
-1.5980150513328741,0.4914,0.4338,0.4104,2.403750017584036
-1.5879651264623869,0.4954,0.4366,0.4134,2.3863357829284246
-1.5779152015919005,0.498,0.4406,0.4174,2.3691470746284162
-1.5678652767214132,0.5004,0.4424,0.4202,2.352180757658654
-1.5578153518509268,0.504,0.4446,0.4244,2.335433740901374
-1.5477654269804395,0.5084,0.4484,0.428,2.31890297667189
-1.5377155021099531,0.5118,0.451,0.4316,2.302585460240913
-1.5276655772394667,0.5152,0.4532,0.4348,2.2864782293558124
-1.5176156523689794,0.5188,0.4566,0.4372,2.2705783637614663
-1.507565727498493,0.5224,0.461,0.4408,2.254882984721006
-1.4975158026280058,0.5252,0.4636,0.4446,2.239389254533245
-1.4874658777575194,0.5292,0.467,0.4472,2.2240943760462497
-1.477415952887032,0.5318,0.4698,0.451,2.2089955921729185
-1.4673660280165457,0.5344,0.474,0.4546,2.1940901854070907
-1.4573161031460584,0.536,0.4768,0.4584,2.1793754773378406
-1.447266178275572,0.539,0.4804,0.4612,2.1648488281651725
-1.4372162534050847,0.542,0.483,0.464,2.1505076362179696
-1.4271663285345983,0.5444,0.4868,0.468,2.136349337474429
-1.417116403664111,0.548,0.492,0.4724,2.122371405085111
-1.4070664787936247,0.552,0.4956,0.4748,2.10857134889612
-1.3970165539231383,0.5538,0.4986,0.4792,2.0949467149698835
-1.386966629052651,0.5568,0.5016,0.4838,2.0814950851104896
-1.3769167041821646,0.56,0.504,0.4864,2.068214076393426
-1.3668667793116773,0.5642,0.5082,0.4902,2.0551013406953493
-1.356816854441191,0.5662,0.512,0.4936,2.0421545642271313
-1.3467669295707037,0.568,0.5156,0.498,2.0293714670708978
-1.3367170047002173,0.5714,0.5196,0.5002,2.016749802721201
-1.32666707982973,0.5736,0.5246,0.5032,2.004287357630349
-1.3166171549592436,0.5754,0.5272,0.504,1.9919819507562273
-1.3065672300887563,0.5784,0.529,0.5094,1.9798314331095423
-1.29651730521827,0.5822,0.5334,0.512,1.967833687307279
-1.2864673803477826,0.5848,0.537,0.514,1.9559866271318203
-1.2764174554772962,0.5864,0.539,0.5172,1.9442881970904515
-1.2663675306068098,0.588,0.5422,0.5208,1.932736371978992
-1.2563176057363226,0.5912,0.5454,0.5242,1.921329156450332
-1.2462676808658362,0.593,0.5484,0.528,1.910064584587897
-1.2362177559953489,0.5956,0.5514,0.5306,1.8989407194840395
-1.2261678311248625,0.5986,0.5544,0.5334,1.8879556528233816
-1.2161179062543752,0.6006,0.557,0.5358,1.8771075044710799
-1.2060679813838888,0.6052,0.561,0.5376,1.866394422064771
-1.1960180565134015,0.609,0.5634,0.5396,1.8558145806044744
-1.1859681316429151,0.6116,0.567,0.5434,1.8453661820494411
-1.1759182067724279,0.6148,0.5704,0.5474,1.8350474549242524
-1.1658682819019415,0.6182,0.5726,0.5508,1.8248566539258233
-1.155818357031455,0.6204,0.5752,0.5536,1.8147920595345814
-1.1457684321609678,0.6226,0.5784,0.5556,1.804851977630792
-1.1357185072904814,0.626,0.5816,0.559,1.7950347391160257
-1.1256685824199941,0.629,0.5848,0.562,1.7853386995397162
-1.1156186575495077,0.6326,0.5878,0.5656,1.7757622387308007
-1.1055687326790204,0.6358,0.5912,0.569,1.7663037604343697
-1.095518807808534,0.6384,0.5936,0.5714,1.756962021525594
-1.0854688829380468,0.6412,0.597,0.5744,1.7477353133588536
-1.0754189580675604,0.6438,0.5996,0.577,1.7386219255929043
-1.065369033197073,0.6474,0.6036,0.5796,1.7296203543659776
-1.0553191083265867,0.6492,0.6062,0.5834,1.7207291179673818
-1.0452691834560994,0.6526,0.6082,0.5862,1.7119467564988748
-1.035219258585613,0.6552,0.6112,0.5896,1.7032718315409798
-1.0251693337151266,0.6592,0.6154,0.5934,1.6947029258241721
-1.0151194088446394,0.6618,0.6186,0.5968,1.686238642904897
-1.005069483974153,0.6644,0.622,0.5996,1.6778776068463568
-0.9950195591036657,0.6674,0.6252,0.6028,1.6696184619040033
-0.9849696342331793,0.67,0.6284,0.605,1.66145987221558
-0.974919709362692,0.673,0.6318,0.6082,1.6534005214933643
-0.9648697844922056,0.676,0.635,0.612,1.645439112718814
-0.9548198596217183,0.678,0.6388,0.6148,1.6375743678439127
-0.9447699347512319,0.6794,0.6426,0.617,1.629805027497721
-0.9347200098807447,0.6818,0.6452,0.6204,1.6221298506960213
-0.9246700850102583,0.6846,0.6486,0.6232,1.6145476145554294
-0.914620160139771,0.6866,0.6516,0.6246,1.607057114011876
-0.9045702352692846,0.6902,0.6542,0.628,1.5996571615434252
-0.8945203103987982,0.6934,0.657,0.631,1.5923465868973512
-0.8844703855283109,0.6942,0.6596,0.6346,1.5851242368214262
-0.8744204606578245,0.6956,0.6618,0.6362,1.5779889747991755
-0.8643705357873372,0.699,0.6636,0.639,1.5709396807875278
-0.8543206109168509,0.7006,0.6658,0.6424,1.5639752509572908
-0.8442706860463636,0.7012,0.669,0.6448,1.5570945974389359
-0.8342207611758772,0.7048,0.6712,0.649,1.5502966480728935
-0.8241708363053899,0.7068,0.6736,0.6524,1.543580346163274
-0.8141209114349035,0.7104,0.6756,0.6544,1.5369446502354607
-0.8040709865644162,0.7126,0.6774,0.6568,1.5303885337975
-0.7940210616939298,0.7142,0.6806,0.6584,1.5239109851052488
-0.7839711368234425,0.717,0.6826,0.6624,1.517511006931203
-0.7739212119529562,0.7178,0.6846,0.666,1.5111876163369666
-0.7638712870824698,0.7218,0.6872,0.6696,1.5049398444490818
-0.7538213622119825,0.7244,0.6888,0.6744,1.4987667362372301
-0.7437714373414961,0.7264,0.6924,0.6782,1.4926673502952312
-0.7337215124710088,0.7288,0.6958,0.6804,1.4866407586263974
-0.7236715876005224,0.7308,0.6984,0.6826,1.4806860464328968
-0.7136216627300351,0.733,0.701,0.685,1.474802311908382
-0.7035717378595487,0.7372,0.7036,0.6876,1.4689886660339033
-0.6935218129890615,0.7394,0.7066,0.6892,1.4632442323770392
-0.6834718881185751,0.741,0.709,0.692,1.4575681468942043
-0.6734219632480878,0.7432,0.7116,0.6938,1.4519595577360749
-0.6633720383776014,0.7454,0.7144,0.6964,1.4464176250560907
-0.6533221135071141,0.7486,0.7156,0.6998,1.4409415208218574
-0.6432721886366277,0.7506,0.7186,0.7018,1.4355304286288513
-0.6332222637661413,0.7532,0.7208,0.705,1.4301835435164436
-0.623172338895654,0.7556,0.7234,0.7066,1.4249000717876064
-0.6131224140251677,0.759,0.7246,0.7094,1.419679230832344
-0.6030724891546804,0.7612,0.7294,0.7124,1.4145202489539634
-0.593022564284194,0.764,0.731,0.7156,1.4094223651980793
-0.5829726394137067,0.7658,0.7336,0.7168,1.4043848291842966
-0.5729227145432203,0.768,0.7368,0.72,1.399406900940542
-0.562872789672733,0.7708,0.7392,0.7224,1.3944878507399847
-0.5528228648022466,0.7734,0.7418,0.7248,1.3896269589405414
-0.5427729399317593,0.7744,0.7442,0.7274,1.3848235158269697
-0.532723015061273,0.7768,0.746,0.7296,1.3800768214551633
-0.5226730901907857,0.7796,0.7504,0.7314,1.3753861854980693
-0.5126231653202993,0.781,0.7528,0.7342,1.370750927094667
-0.5025732404498129,0.7832,0.755,0.7358,1.3661703747025193
-0.4925233155793256,0.7862,0.7576,0.7376,1.361643865952757
-0.4824733907088392,0.788,0.7602,0.74,1.3571707475073034
-0.47242346583835193,0.7922,0.7618,0.7416,1.3527503749183036
-0.46237354096786554,0.795,0.7638,0.745,1.3483821124897324
-0.45232361609737826,0.796,0.7654,0.7498,1.3440653331411299
-0.44227369122689186,0.7992,0.7694,0.7524,1.339799418273457
-0.4322237663564046,0.8012,0.771,0.7532,1.3355837576372656
-0.4221738414859182,0.8034,0.7732,0.7548,1.3314177492031245
-0.4121239166154309,0.8054,0.7758,0.7562,1.3273007990330243
-0.4020739917449445,0.8074,0.7784,0.7586,1.3232323211538553
-0.39202406687445723,0.8092,0.781,0.7612,1.3192117374343377
-0.38197414200397084,0.8118,0.7834,0.7632,1.3152384774643204
-0.37192421713348445,0.814,0.7858,0.7654,1.3113119784358978
-0.36187429226299717,0.8166,0.7884,0.7674,1.3074316850263354
-0.3518243673925108,0.819,0.7908,0.7696,1.3035970492827633
-0.3417744425220235,0.8202,0.7928,0.772,1.299807530508611
-0.3317245176515371,0.8218,0.7946,0.7744,1.2960625951517601
-0.3216745927810498,0.8234,0.7976,0.777,1.2923617166944754
-0.3116246679105634,0.8254,0.799,0.7806,1.2887043755455336
-0.30157474304007614,0.8264,0.8006,0.783,1.2850900589340502
-0.29152481816958975,0.8284,0.8026,0.7854,1.2815182608036682
-0.28147489329910247,0.8288,0.8058,0.7868,1.277988481708949
-0.2714249684286161,0.83,0.8076,0.7896,1.2745002287149572
-0.2613750435581288,0.8326,0.809,0.7914,1.2710530152985409
-0.2513251186876424,0.8352,0.8116,0.7946,1.2676463612510804
-0.241275193817156,0.8364,0.8134,0.7968,1.264279792582667
-0.23122526894666873,0.8374,0.815,0.7986,1.260952841427704
-0.22117534407618233,0.8396,0.8174,0.801,1.2576650459518997
-0.21112541920569505,0.8408,0.819,0.8026,1.2544159502606325
-0.20107549433520866,0.8416,0.8198,0.8042,1.2512051043086907
-0.19102556946472138,0.8444,0.8236,0.8054,1.248032063811997
-0.18097564459423499,0.8456,0.8258,0.8066,1.244896390161124
-0.1709257197237477,0.8472,0.8282,0.8084,1.241797650334743
-0.1608757948532613,0.8484,0.8294,0.811,1.2387354168142821
-0.15082586998277403,0.85,0.8316,0.812,1.2357092675015326
-0.14077594511228764,0.8516,0.8344,0.8136,1.2327187856380808
-0.13072602024180036,0.8532,0.837,0.8156,1.2297635597259085
-0.12067609537131396,0.854,0.8386,0.8182,1.226843183449145
-0.11062617050082757,0.8554,0.8416,0.8194,1.2239572555969516
-0.10057624563034029,0.857,0.8432,0.8216,1.2211053799875269
-0.0905263207598539,0.8584,0.8444,0.8242,1.2182871653932132
-0.08047639588936661,0.8592,0.8462,0.8272,1.2155022254666874
-0.07042647101888022,0.8612,0.8476,0.8286,1.2127501786682322
-0.06037654614839294,0.8622,0.849,0.8298,1.2100306481948022
-0.05032662127790655,0.8632,0.85,0.8318,1.207343261910675
-0.040276696407419266,0.8644,0.8514,0.8332,1.2046876522778263
-0.030226771536932873,0.867,0.8532,0.8342,1.2020634562870536
-0.02017684666644559,0.8686,0.8548,0.8358,1.1994703153916038
-0.010126921795959198,0.8698,0.8566,0.8372,1.1969078754424654
-7.699692547191717e-05,0.872,0.8578,0.8392,1.1943757866245872
0.009972927945014476,0.874,0.8594,0.8416,1.1918737033940168
0.02002285281550087,0.8756,0.86,0.8436,1.1894012844159405
0.03007277768598815,0.8764,0.8614,0.8454,1.1869581925036188
0.04012270255647454,0.8784,0.8624,0.848,1.1845440945582033
0.050172627426961824,0.88,0.8648,0.8508,1.1821586615094208
0.06022255229744822,0.8822,0.866,0.8534,1.1798015682571186
0.0702724771679355,0.8838,0.8682,0.8552,1.1774724936136882
0.08032240203842189,0.885,0.8692,0.8566,1.1751711202481436
0.09037232690890917,0.8864,0.871,0.8582,1.1728971346312698
0.10042225177939557,0.8874,0.8726,0.859,1.1706502269803758
0.11047217664988285,0.8886,0.8734,0.8604,1.1684300912049945
0.12052210152036924,0.89,0.8756,0.862,1.1662364248545254
0.13057202639085652,0.892,0.8772,0.8638,1.1640689290669828
0.14062195126134291,0.893,0.8786,0.8648,1.1619273085184962
0.1506718761318293,0.895,0.8808,0.8664,1.1598112713735413
0.1607218010023166,0.896,0.883,0.8674,1.1577205292359034
0.17077172587280298,0.8982,0.8836,0.8696,1.1556547971003592
0.18082165074329026,0.8988,0.8846,0.8716,1.1536137933050665
0.19087157561377666,0.8996,0.8872,0.873,1.15159723948466
0.20092150048426394,0.9014,0.8884,0.8742,1.1496048605240374
0.21097142535475033,0.9032,0.8896,0.8766,1.1476363845128335
0.2210213502252376,0.9042,0.8902,0.8792,1.1456915427009224
0.231071275095724,0.9056,0.8912,0.8804,1.1437700694549588
0.24112119996621129,0.9068,0.8916,0.8812,1.1418717022150984
0.2511711248366977,0.9076,0.8918,0.8828,1.1399961814521429
0.26122104970718407,0.908,0.893,0.8846,1.1381432506258935
0.27127097457767135,0.909,0.8952,0.8858,1.1363126561444468
0.28132089944815775,0.91,0.8968,0.888,1.134504147324109
0.291370824318645,0.9102,0.8984,0.8902,1.132717476349918
0.3014207491891314,0.9118,0.9,0.8932,1.1309523982367704
0.3114706740596187,0.9122,0.9012,0.894,1.129208670791146
0.3215205989301051,0.913,0.9022,0.895,1.1274860545734215
0.3315705238005924,0.9146,0.9032,0.8954,1.125784312860768
0.34162044867107877,0.9156,0.9044,0.8968,1.1241032116106264
0.35167037354156605,0.9166,0.905,0.8984,1.1224425194247527
0.36172029841205244,0.917,0.9056,0.899,1.12080200751387
0.3717702232825397,0.918,0.9066,0.8998,1.1191814496629677
0.3818201481530261,0.9186,0.9068,0.9006,1.117580622197141
0.3918700730235125,0.9198,0.9082,0.9022,1.1159993039479437
0.4019199978939998,0.9208,0.9088,0.903,1.1144372762203516
0.4119699227644862,0.9226,0.9102,0.904,1.1128943227602937
0.42201984763497347,0.9232,0.9114,0.9052,1.1113702297227115
0.43206977250545986,0.925,0.912,0.9062,1.1098647856401387
0.44211969737594714,0.926,0.9138,0.907,1.1083777813917963
0.45216962224643353,0.9264,0.9148,0.9082,1.1069090101731973
0.4622195471169208,0.9276,0.9156,0.909,1.1054582674662543
0.4722694719874072,0.9292,0.9172,0.9096,1.1040253510098894
0.4823193968578945,0.9304,0.9176,0.911,1.1026100607711327
0.4923693217283809,0.931,0.9186,0.9122,1.1012121989166834
0.5024192465988682,0.9314,0.92,0.913,1.0998315697846406
0.5124691714693546,0.9326,0.9214,0.914,1.0984679798567956
0.522519096339841,0.9334,0.9224,0.9152,1.0971212377317265
0.5325690212103282,0.9344,0.9242,0.9166,1.095791154098155
0.5426189460808146,0.9354,0.9254,0.9172,1.0944775417085553
0.5526688709513019,0.9364,0.926,0.9186,1.0931802153531884
0.5627187958217883,0.938,0.9272,0.9202,1.0918989918345974
0.5727687206922756,0.9392,0.9292,0.922,1.0906336899425524
0.582818645562762,0.9404,0.93,0.923,1.0893841304294476
0.5928685704332493,0.9416,0.9304,0.9236,1.0881501359861385
0.6029184953037356,0.9422,0.9314,0.9252,1.0869315312182204
0.6129684201742229,0.943,0.9322,0.927,1.0857281426227394
0.6230183450447093,0.9436,0.9328,0.9286,1.0845397985650762
0.6330682699151966,0.9442,0.9344,0.9296,1.083366329255855
0.643118194785683,0.9456,0.9346,0.9304,1.0822075667286646
0.6531681196561694,0.9468,0.9348,0.9314,1.0810633448183704
0.6632180445266567,0.9474,0.9356,0.9322,1.0799334991393255
0.6732679693971431,0.9482,0.9364,0.9332,1.078817867063825
0.6833178942676303,0.949,0.9376,0.9344,1.0777162877009685
0.6933678191381167,0.9492,0.9384,0.935,1.0766286018759292
0.703417744008604,0.9502,0.9386,0.9362,1.0755546521096233
0.7134676688790904,0.9512,0.939,0.937,1.074494282598779
0.7235175937495777,0.9518,0.9398,0.938,1.0734473391963966
0.7335675186200641,0.9526,0.9408,0.9386,1.0724136693925912
0.7436174434905514,0.9534,0.9424,0.9396,1.0713931222952615
0.7536673683610378,0.954,0.943,0.9406,1.0703855486110248
0.763717293231525,0.9548,0.9438,0.942,1.069390800627038
0.7737672181020114,0.9554,0.945,0.9426,1.0684087321928855
0.7838171429724978,0.9556,0.9454,0.9438,1.067439198702379
0.7938670678429851,0.9568,0.9462,0.9446,1.0664820570756561
0.8039169927134715,0.9578,0.9476,0.9456,1.0655371657416446
0.8139669175839588,0.9592,0.9484,0.9464,1.0646043846208915
0.8240168424544452,0.9596,0.9496,0.9472,1.0636835751087537
0.8340667673249325,0.96,0.9506,0.9478,1.0627746000589406
0.8441166921954188,0.9612,0.9512,0.9482,1.0618773237674008
0.8541666170659061,0.9622,0.952,0.949,1.0609916119559544
0.8642165419363925,0.9624,0.9526,0.9502,1.060117331756205
0.8742664668068798,0.9636,0.9532,0.9508,1.0592543516942519
0.8843163916773662,0.9638,0.9534,0.9512,1.0584025416753047
0.8943663165478535,0.9646,0.9538,0.9522,1.0575617729682087
0.9044162414183399,0.9654,0.955,0.9526,1.0567319181902604
0.9144661662888263,0.9656,0.9554,0.9538,1.0559128512923521
0.9245160911593135,0.9662,0.9558,0.9544,1.0551044475444464
0.9345660160297999,0.9668,0.9562,0.955,1.0543065835213747
0.9446159409002872,0.967,0.9564,0.956,1.0535191370889556
0.9546658657707736,0.9672,0.9568,0.9564,1.052741987390142
0.9647157906412609,0.9672,0.9572,0.9568,1.0519750148310056
0.9747657155117473,0.9678,0.9578,0.9572,1.0512181010674007
0.9848156403822346,0.968,0.9586,0.9578,1.0504711289919015
0.994865565252721,0.9688,0.9594,0.9584,1.0497339827203938
1.0049154901232082,0.9688,0.9598,0.959,1.0490065475788901
1.0149654149936946,0.969,0.9598,0.9596,1.0482887100906477
1.025015339864182,0.9694,0.961,0.9598,1.0475803579635812
1.0350652647346683,0.9696,0.9614,0.9604,1.0468813800779722
1.0451151896051547,0.97,0.9622,0.9608,1.0461916664744648
1.055165114475642,0.9702,0.9626,0.961,1.0455111083419781
1.0652150393461284,0.9708,0.9634,0.9612,1.0448395980056062
1.0752649642166157,0.9714,0.9644,0.9616,1.044177028915132
1.085314889087102,0.972,0.965,0.9616,1.0435232956335627
1.0953648139575893,0.9722,0.9658,0.9622,1.0428782938254162
1.1054147388280757,0.9728,0.9662,0.9632,1.0422419202452549
1.115464663698563,0.9734,0.9666,0.9646,1.0416140727264938
1.1255145885690494,0.9736,0.967,0.9652,1.040994650170474
1.1355645134395367,0.9736,0.9676,0.9658,1.0403835525357998
1.145614438310023,0.9744,0.9686,0.9664,1.0397807143641715
1.1556643631805104,0.9748,0.9694,0.9666,1.0391860059662392
1.1657142880509967,0.975,0.9698,0.9668,1.0385993277576857
1.1757642129214831,0.9756,0.9702,0.9672,1.0380205838345415
1.1858141377919704,0.976,0.9706,0.9676,1.037449679297994
1.1958640626624568,0.976,0.9708,0.9682,1.0368865202441642
1.205913987532944,0.9766,0.9708,0.9688,1.0363310137541315
1.2159639124034305,0.9774,0.9712,0.9696,1.0357830678841962
1.2260138372739178,0.978,0.9712,0.9706,1.035242591656379
1.2360637621444042,0.9786,0.9718,0.9712,1.0347094950490798
1.2461136870148914,0.9788,0.972,0.9716,1.0341836889875362
1.2561636118853778,0.9796,0.9726,0.9718,1.0336650853346354
1.2662135367558651,0.9798,0.9728,0.9718,1.0331535968819863
1.2762634616263515,0.9808,0.973,0.9722,1.0326491373406697
1.2863133864968388,0.9808,0.973,0.9726,1.0321516213321014
1.2963633113673252,0.9818,0.9732,0.9734,1.031660964379111
1.3064132362378116,0.9818,0.9736,0.9742,1.0311770828972393
1.3164631611082989,0.983,0.9744,0.9744,1.0306998941862346
1.3265130859787853,0.983,0.9746,0.9746,1.0302293164216314
1.3365630108492725,0.9832,0.975,0.9746,1.0297652686462353
1.346612935719759,0.984,0.9752,0.9748,1.0293076707619397
1.3566628605902462,0.9842,0.9754,0.9752,1.0288564435216205
1.3667127854607326,0.9848,0.9756,0.9756,1.0284115085207817
1.3767627103312199,0.9852,0.976,0.976,1.0279727881893665
1.3868126352017063,0.9852,0.9764,0.9766,1.027540205783762
1.3968625600721936,0.9854,0.977,0.977,1.0271136853789917
1.40691248494268,0.9854,0.9774,0.977,1.0266931518610634
1.4169624098131663,0.9858,0.978,0.9774,1.026278530919251
1.4270123346836536,0.9866,0.9786,0.9778,1.025869749038548
1.43706225955414,0.9866,0.9788,0.978,1.0254667334923115
1.4471121844246273,0.9866,0.979,0.9784,1.025069412334724
1.4571621092951137,0.987,0.9796,0.9786,1.024677714393261
1.467212034165601,0.9872,0.98,0.979,1.02429156926133
1.4772619590360874,0.9872,0.9808,0.9796,1.0239109072910788
1.4873118839065746,0.9874,0.9808,0.98,1.0235356595863543
1.497361808777061,0.9882,0.981,0.9804,1.0231657579956814
1.5074117336475483,0.9884,0.9812,0.9806,1.0228011351053026
1.5174616585180347,0.9886,0.9814,0.981,1.0224417242324029
1.527511583388522,0.989,0.9818,0.9816,1.0220874594182612
1.5375615082590084,0.989,0.9822,0.9818,1.0217382754213091
1.5476114331294948,0.9892,0.9824,0.982,1.0213941077103423
1.557661357999982,0.9892,0.9824,0.982,1.021054892457881
1.5677112828704685,0.9894,0.9826,0.9828,1.0207205665336607
1.5777612077409557,0.9894,0.9832,0.9828,1.0203910674981673
1.5878111326114421,0.9898,0.9836,0.983,1.0200663335962294
1.5978610574819294,0.9898,0.984,0.983,1.019746303750758
1.6079109823524158,0.9898,0.9846,0.9832,1.0194309175564205
1.617960907222903,0.99,0.9846,0.9838,1.0191201152732354
1.6280108320933895,0.9902,0.9856,0.9838,1.0188138378202933
1.6380607569638768,0.9906,0.9858,0.984,1.0185120267696142
1.6481106818343632,0.991,0.9858,0.9842,1.0182146243401105
1.6581606067048504,0.9912,0.986,0.9842,1.0179215733915885
1.6682105315753368,0.9916,0.9862,0.9844,1.0176328174188438
1.6782604564458232,0.9918,0.9862,0.9848,1.0173483005458464
1.6883103813163105,0.992,0.9862,0.9848,1.0170679675198329
1.698360306186797,0.992,0.9866,0.9858,1.0167917637053725
1.7084102310572842,0.992,0.9868,0.9858,1.0165196350785506
1.7184601559277706,0.992,0.987,0.9862,1.0162515282212672
1.7285100807982579,0.9922,0.9876,0.9866,1.0159873903156171
1.7385600056687442,0.9922,0.9878,0.9868,1.0157271691383074
1.7486099305392315,0.9922,0.9878,0.9872,1.0154708130552028
1.758659855409718,0.993,0.988,0.9876,1.0152182710158775
1.7687097802802052,0.993,0.9882,0.988,1.0149694925480601
1.7787597051506916,0.9932,0.9884,0.988,1.0147244277521295
1.7888096300211789,0.9932,0.9886,0.988,1.0144830272957122
1.7988595548916653,0.9932,0.9888,0.9882,1.0142452424083703
1.8089094797621517,0.9934,0.989,0.9882,1.0140110248763523
1.818959404632639,0.9934,0.9892,0.9884,1.0137803270374177
1.8290093295031253,0.9934,0.9894,0.9884,1.013553101775741
1.8390592543736126,0.9936,0.9896,0.989,1.0133293025167522
1.849109179244099,0.9936,0.9898,0.989,1.0131088832219328
1.8591591041145863,0.9938,0.99,0.989,1.0128917983836971
1.8692090289850727,0.9938,0.9902,0.989,1.0126780030203566
1.87925895385556,0.994,0.9904,0.9894,1.0124674526711555
1.8893088787260464,0.9944,0.9906,0.9894,1.012260103391368
1.8993588035965336,0.9944,0.991,0.9896,1.0120559117474963
1.90940872846702,0.9946,0.991,0.9896,1.0118548348124408
1.9194586533375073,0.9946,0.9912,0.9896,1.0116568301606021
1.9295085782079937,0.9946,0.9914,0.9896,1.011461855863028
1.93955850307848,0.9946,0.9914,0.9896,1.0112698704826382
1.9496084279489674,0.9946,0.9918,0.9898,1.0110808330695151
1.9596583528194538,0.9946,0.9918,0.9898,1.0108947031562625
1.969708277689941,0.9946,0.992,0.9898,1.0107114407534545
1.9797582025604274,0.9948,0.9922,0.99,1.0105310063450912
1.9898081274309147,0.9948,0.9922,0.9902,1.0103533608839872
1.9998580523014011,0.9952,0.9922,0.9904,1.010178465787173
2.0099079771718884,0.9952,0.9926,0.9908,1.010006282931365
2.019957902042375,0.9954,0.9932,0.991,1.0098367746484938
2.030007826912862,0.9956,0.9934,0.991,1.0096699037213042
2.0400577517833485,0.9956,0.9934,0.991,1.0095056333790406
2.0501076766538358,0.9956,0.9934,0.991,1.009343927293152
2.060157601524322,0.9956,0.9934,0.991,1.0091847495729382
2.0702075263948085,0.9956,0.9934,0.991,1.009028064761195
2.080257451265296,0.9956,0.9934,0.991,1.0088738378299145
2.090307376135782,0.9958,0.9938,0.991,1.0087220341760403
2.1003573010062695,0.996,0.9938,0.991,1.0085726196172933
2.110407225876756,0.996,0.9938,0.991,1.0084255603880805
2.120457150747243,0.996,0.9938,0.9914,1.0082808231354272
2.1305070756177296,0.996,0.9938,0.9914,1.0081383749148545
2.140557000488217,0.9962,0.9942,0.9916,1.0079981831862521
2.1506069253587032,0.9962,0.9944,0.9916,1.007860215809802
2.1606568502291905,0.9966,0.9944,0.9916,1.0077244410419461
2.170706775099677,0.9968,0.9946,0.9918,1.0075908275314285
2.180756699970164,0.9968,0.9948,0.992,1.0074593443154207
2.1908066248406506,0.9968,0.9948,0.992,1.007329960815658
2.200856549711137,0.9968,0.9948,0.992,1.00720264683453
2.2109064745816243,0.9968,0.995,0.9922,1.0070773725511697
2.2209563994521107,0.997,0.995,0.9924,1.0069541085175864
2.231006324322598,0.997,0.995,0.9926,1.0068328256548396
2.2410562491930843,0.997,0.9952,0.9926,1.006713495249291
2.2511061740635716,0.997,0.9952,0.9926,1.0065960889489347
2.261156098934058,0.997,0.9954,0.9926,1.0064805787597244
2.2712060238045453,0.997,0.9956,0.9928,1.0063669370418598
2.2812559486750317,0.9972,0.9956,0.9928,1.0062551365060828
2.291305873545519,0.9972,0.9958,0.993,1.0061451502100083
2.3013557984160053,0.9972,0.996,0.9936,1.0060369515544993
2.3114057232864926,0.9974,0.9962,0.9936,1.0059305142801234
2.321455648156979,0.9974,0.9964,0.9938,1.0058258124636765
2.3315055730274654,0.9974,0.9964,0.9938,1.0057228205146875
2.3415554978979527,0.9974,0.9966,0.994,1.0056215131718926
2.35160542276844,0.9974,0.9968,0.994,1.005521865499726
2.3616553476389264,0.9974,0.9968,0.994,1.005423852884843
2.3717052725094128,0.9974,0.9968,0.994,1.0053274510326902
2.381755197379899,0.9976,0.997,0.994,1.0052326359641641
2.3918051222503873,0.9978,0.997,0.994,1.0051393840123142
2.4018550471208737,0.9978,0.997,0.9942,1.0050476718190142
2.41190497199136,0.9978,0.997,0.9942,1.004957476331619
2.4219548968618465,0.9978,0.9972,0.9946,1.0048687747996412
2.4320048217323347,0.9978,0.9974,0.9946,1.0047815447714585
2.442054746602821,0.9978,0.9974,0.9948,1.0046957640910825
2.4521046714733075,0.9978,0.9974,0.9948,1.0046114108950086
2.462154596343794,0.998,0.9976,0.9948,1.0045284636090825
2.4722045212142802,0.998,0.9976,0.9948,1.0044469009453345
2.4822544460847684,0.998,0.9976,0.9948,1.0043667018988145
2.492304370955255,0.9984,0.9976,0.995,1.0042878457444468
2.502354295825741,0.9986,0.9976,0.9952,1.0042103120339192
2.5124042206962276,0.999,0.9976,0.9952,1.0041340805926475
2.5224541455667158,0.999,0.9976,0.9952,1.0040591315168066
2.532504070437202,0.999,0.9978,0.9952,1.0039854451703472
2.5425539953076886,0.999,0.9978,0.9954,1.0039130021819906
2.552603920178175,0.999,0.998,0.9954,1.0038417834422377
2.562653845048663,0.999,0.998,0.9954,1.0037717701003952
2.5727037699191495,0.999,0.9982,0.9954,1.00370294356165
2.582753694789636,0.999,0.9982,0.9956,1.0036352854842254
2.5928036196601223,0.999,0.9984,0.9956,1.0035687777765712
2.6028535445306087,0.999,0.9984,0.9956,1.0035034025945258
2.612903469401097,0.999,0.9984,0.9956,1.0034391423384748
2.6229533942715832,0.999,0.9984,0.9956,1.003375979650525
2.6330033191420696,0.999,0.9984,0.9958,1.0033138974117006
2.643053244012556,0.999,0.9984,0.9958,1.0032528787392074
2.653103168883044,0.999,0.9984,0.9958,1.0031929069837664
2.6631530937535306,0.999,0.9984,0.996,1.0031339657269447
2.673203018624017,0.999,0.9986,0.996,1.0030760387784654
2.6832529434945034,0.999,0.9986,0.996,1.0030191101735277
2.6933028683649916,0.999,0.9986,0.996,1.002963164170141
2.703352793235478,0.999,0.9988,0.996,1.002908185246494
2.7134027181059643,0.999,0.9988,0.996,1.0028541580984083
2.7234526429764507,0.999,0.9988,0.996,1.0028010676368238
2.733502567846937,0.999,0.9988,0.9962,1.002748898985265
2.7435524927174253,0.999,0.9988,0.9962,1.0026976374773038
2.7536024175879117,0.999,0.9988,0.9962,1.0026472686540333
2.763652342458398,0.999,0.9988,0.9962,1.002597778261559
2.7737022673288845,0.999,0.9988,0.9968,1.0025491522485535
2.7837521921993726,0.999,0.9988,0.9968,1.0025013767638788
2.793802117069859,0.999,0.9988,0.997,1.0024544381542042
2.8038520419403454,0.999,0.9988,0.997,1.002408322961612
2.813901966810832,0.999,0.999,0.997,1.0023630179212117
2.82395189168132,0.999,0.999,0.997,1.002318509958761
2.8340018165518064,0.999,0.999,0.9972,1.0022747861883237
2.844051741422293,0.999,0.999,0.9976,1.002231833910004
2.854101666292779,0.999,0.9992,0.9976,1.0021896406077118
2.8641515911632656,0.999,0.9992,0.9976,1.0021481939469101
2.8742015160337537,0.999,0.9992,0.9976,1.0021074817723625
2.88425144090424,0.999,0.9992,0.9978,1.0020674921058916
2.8943013657747265,0.9992,0.9992,0.998,1.002028213144148
2.904351290645213,0.9992,0.9992,0.998,1.0019896332564442
2.914401215515701,0.9992,0.9992,0.998,1.001951740982648
2.9244511403861875,0.9992,0.9992,0.998,1.0019145250310717
2.934501065256674,0.9992,0.9994,0.998,1.0018779742763526
2.9445509901271603,0.9992,0.9994,0.998,1.0018420777573407
2.9546009149976484,0.9992,0.9994,0.998,1.001806824674995
2.964650839868135,0.9992,0.9994,0.998,1.0017722043903108
2.974700764738621,0.9992,0.9994,0.998,1.0017382064223224
2.9847506896091076,0.9992,0.9994,0.998,1.0017048204461287
2.994800614479594,0.9992,0.9994,0.998,1.0016720362909057
3.004850539350082,0.9992,0.9994,0.9982,1.001639843937919
3.0149004642205686,0.9992,0.9994,0.9984,1.0016082335185488
3.024950389091055,0.9992,0.9994,0.9984,1.0015771953123205
3.0350003139615414,0.9992,0.9994,0.9984,1.0015467197450014
3.0450502388320295,0.9992,0.9994,0.9984,1.0015167973867498
3.055100163702516,0.9992,0.9994,0.9986,1.0014874189502547
3.0651500885730023,0.9992,0.9994,0.9986,1.0014585752888756
3.0752000134434887,0.9992,0.9994,0.9988,1.0014302573947862
3.085249938313977,0.9992,0.9994,0.9988,1.0014024563971249
3.0952998631844633,0.9992,0.9994,0.9988,1.0013751635601773
3.1053497880549497,0.9992,0.9994,0.9988,1.0013483702816273
3.115399712925436,0.9992,0.9994,0.9988,1.0013220680908275
3.1254496377959224,0.9992,0.9994,0.9988,1.0012962486470565
3.1354995626664106,0.9992,0.9994,0.9988,1.001270903737782
3.145549487536897,0.9992,0.9994,0.9988,1.0012460252769297
3.1555994124073834,0.9992,0.9994,0.9988,1.0012216053031626
3.16564933727787,0.9992,0.9996,0.9988,1.0011976359782166
3.175699262148358,0.9992,0.9996,0.9988,1.0011741095852873
3.1857491870188444,0.9992,0.9998,0.9988,1.0011510185274062
3.1957991118893307,0.9994,0.9998,0.9988,1.0011283553258181
3.205849036759817,0.9994,0.9998,0.9988,1.001106112618365
3.2158989616303053,0.9994,0.9998,0.9988,1.0010842831578735
3.2259488865007917,0.9994,0.9998,0.9988,1.001062859810568
3.235998811371278,0.9994,0.9998,0.9988,1.0010418355545523
3.2460487362417645,0.9994,0.9998,0.9988,1.0010212034783084
3.256098661112251,0.9994,0.9998,0.9988,1.0010009567791784
3.266148585982739,0.9994,0.9998,0.9988,1.000981088761862
3.2761985108532254,0.9994,0.9998,0.9988,1.000961592836912
3.286248435723712,0.9994,0.9998,0.9988,1.0009424625192374
3.2962983605941982,0.9994,0.9998,0.9988,1.0009236914266617
3.3063482854646864,0.9998,0.9998,0.9988,1.0009052732785229
3.316398210335173,0.9998,0.9998,0.9988,1.0008872018942732
3.326448135205659,0.9998,0.9998,0.9988,1.0008694711920731
3.3364980600761456,0.9998,0.9998,0.9988,1.0008520751873986
3.346547984946632,0.9998,0.9998,0.9988,1.0008350079916453
3.35659790981712,0.9998,0.9998,0.9988,1.0008182638107515
3.3666478346876065,0.9998,0.9998,0.9988,1.0008018369438865
3.376697759558093,0.9998,0.9998,0.999,1.0007857220677192
3.3867476844285793,0.9998,0.9998,0.999,1.0007699144262354
3.3967976092990675,0.9998,0.9998,0.999,1.0007544074954702
3.406847534169554,0.9998,0.9998,0.999,1.0007391959356988
3.4168974590400403,0.9998,0.9998,0.999,1.000724274493933
3.4269473839105267,0.9998,0.9998,0.999,1.0007096380026674
3.436997308781015,0.9998,0.9998,0.999,1.000695281378682
3.4470472336515012,0.9998,0.9998,0.999,1.0006811996218419
3.4570971585219876,0.9998,0.9998,0.999,1.000667387813894
3.467147083392474,0.9998,0.9998,0.999,1.0006538411172743
3.4771970082629604,0.9998,0.9998,0.999,1.0006405547739137
3.4872469331334486,0.9998,0.9998,0.999,1.000627524104054
3.497296858003935,0.9998,0.9998,0.999,1.0006147445051132
3.5073467828744214,0.9998,0.9998,0.999,1.0006022114505837
3.5173967077449078,0.9998,0.9998,0.999,1.0005899204889224
3.527446632615396,0.9998,1.0,0.999,1.000577867242446
3.5374965574858823,0.9998,1.0,0.999,1.0005660474062315
3.5475464823563687,0.9998,1.0,0.999,1.0005544567470193
3.557596407226855,0.9998,1.0,0.999,1.0005430911021294
3.5676463320973433,0.9998,1.0,0.999,1.0005319463784315
3.5776962569678297,0.9998,1.0,0.999,1.0005210185513336
3.587746181838316,0.9998,1.0,0.999,1.0005103036637581
3.5977961067088025,0.9998,1.0,0.9992,1.0004997978251313
3.607846031579289,0.9998,1.0,0.9992,1.0004894972103722
3.617895956449777,0.9998,1.0,0.9992,1.000479398058887
3.6279458813202634,0.9998,1.0,0.9992,1.0004694966735825
3.63799580619075,0.9998,1.0,0.9992,1.0004597894199296
3.648045731061236,0.9998,1.0,0.9992,1.0004502727250337
3.6580956559317244,0.9998,1.0,0.9992,1.0004409430766985
3.6681455808022108,0.9998,1.0,0.9992,1.0004317970224992
3.678195505672697,0.9998,1.0,0.9992,1.0004228311688586
3.6882454305431835,0.9998,1.0,0.9992,1.000414042180127
3.6982953554136717,0.9998,1.0,0.9992,1.0004054267776858
3.708345280284158,0.9998,1.0,0.9992,1.0003969817390943
3.7183952051546445,0.9998,1.0,0.9992,1.0003887038972394
3.728445130025131,0.9998,1.0,0.9992,1.0003805901394807
3.7384950548956173,0.9998,1.0,0.9992,1.0003726374068045
3.7485449797661055,0.9998,1.0,0.9994,1.0003648426929819
3.758594904636592,0.9998,1.0,0.9994,1.0003572030437282
3.7686448295070782,0.9998,1.0,0.9994,1.0003497155558885
3.7786947543775646,0.9998,1.0,0.9994,1.0003423773766609
3.788744679248053,0.9998,1.0,0.9994,1.0003351857028224
3.798794604118539,0.9998,1.0,0.9994,1.0003281377799498
3.8088445289890256,0.9998,1.0,0.9994,1.000321230901651
3.818894453859512,0.9998,1.0,0.9994,1.0003144624087967
3.82894437873,0.9998,1.0,0.9994,1.0003078296887589
3.8389943036004865,0.9998,1.0,0.9994,1.000301330174666
3.849044228470973,0.9998,1.0,0.9994,1.0002949613446992
3.8590941533414593,0.9998,1.0,0.9994,1.0002887207213902
3.8691440782119457,0.9998,1.0,0.9994,1.0002826058709116
3.879194003082434,0.9998,1.0,0.9994,1.000276614402381
3.8892439279529203,0.9998,1.0,0.9994,1.0002707439671648
3.8992938528234067,0.9998,1.0,0.9994,1.000264992258185
3.909343777693893,0.9998,1.0,0.9994,1.0002593570092422
3.9193937025643812,0.9998,1.0,0.9994,1.0002538359943758
3.9294436274348676,0.9998,1.0,0.9994,1.0002484270272283
3.939493552305354,0.9998,1.0,0.9994,1.0002431279604043
3.9495434771758404,0.9998,1.0,0.9994,1.00023793668484
3.9595934020463286,0.9998,1.0,0.9994,1.0002328511291747
3.969643326916815,0.9998,1.0,0.9996,1.0002278692591224
3.9796932517873014,0.9998,1.0,0.9996,1.000222989076856
3.9897431766577878,0.9998,1.0,0.9996,1.000218208620424
3.999793101528274,0.9998,1.0,0.9996,1.000213525963178
4.009843026398762,0.9998,1.0,0.9996,1.0002089392131939
4.019892951269249,0.9998,1.0,0.9996,1.0002044465127051
4.029942876139735,0.9998,1.0,0.9996,1.0002000460375344
4.0399928010102215,0.9998,1.0,0.9996,1.0001957359965288
4.05004272588071,0.9998,1.0,0.9996,1.0001915146309988
4.060092650751196,0.9998,1.0,0.9996,1.0001873802141847
4.0701425756216825,0.9998,1.0,0.9996,1.0001833310507406
4.080192500492169,0.9998,1.0,0.9996,1.0001793654762194
4.090242425362657,0.9998,1.0,0.9996,1.0001754818565574
4.100292350233143,0.9998,1.0,0.9996,1.0001716785875656
4.11034227510363,0.9998,1.0,0.9996,1.0001679540944246
4.120392199974116,0.9998,1.0,0.9996,1.0001643068311767
4.130442124844603,0.9998,1.0,0.9996,1.0001607352802344
4.140492049715091,0.9998,1.0,0.9996,1.0001572379519155
4.150541974585577,0.9998,1.0,0.9996,1.0001538133839827
4.160591899456064,0.9998,1.0,0.9996,1.0001504601411815
4.17064182432655,0.9998,1.0,0.9996,1.0001471768147838
4.180691749197038,0.9998,1.0,0.9998,1.0001439620221366
4.1907416740675245,1.0,1.0,0.9998,1.0001408144062078
4.200791598938011,1.0,1.0,0.9998,1.0001377326351388
4.210841523808497,1.0,1.0,0.9998,1.0001347154018139
4.2208914486789855,1.0,1.0,0.9998,1.000131761423451
4.230941373549472,1.0,1.0,0.9998,1.0001288694411927
4.240991298419958,1.0,1.0,0.9998,1.0001260382196941
4.251041223290445,1.0,1.0,0.9998,1.0001232665467206
4.261091148160931,1.0,1.0,0.9998,1.0001205532327466
4.271141073031419,1.0,1.0,0.9998,1.0001178971105522
4.281190997901906,1.0,1.0,0.9998,1.0001152970348282
4.291240922772392,1.0,1.0,0.9998,1.0001127518817996
4.301290847642878,1.0,1.0,0.9998,1.0001102605488652
4.311340772513367,1.0,1.0,0.9998,1.0001078219542328
4.321390697383853,1.0,1.0,0.9998,1.0001054350365568
4.331440622254339,1.0,1.0,0.9998,1.0001030987545838
4.341490547124826,1.0,1.0,0.9998,1.0001008120867962
4.351540471995314,1.0,1.0,0.9998,1.0000985740310582
4.3615903968658,1.0,1.0,0.9998,1.0000963836042647
4.371640321736287,1.0,1.0,0.9998,1.0000942398420127
4.381690246606772,1.0,1.0,1.0,1.0000921417982822
